"last_name, first_name",player_id,attempts,avg_hit_speed,barrels,brl_percent,brl_pa
Ace Demo,100000,271,87.8,20,7.4,5.1
Bo Example,100001,236,88.2,26,11.0,7.4
Cal Prototyp,100002,261,92.4,18,6.9,4.8
Dex Sample,100003,205,91.5,15,7.3,5.1
Eli Dummy,100004,267,87.9,65,24.3,16.7
Finn Imitato,100005,285,87.9,52,18.2,12.4
Gus Fixture,100006,222,87.4,15,6.8,4.5
Hank Proto,100007,275,91.8,17,6.2,4.3
Ike Modelo,100008,248,90.9,14,5.6,3.9
Kai Stubbs,100010,280,89.5,29,10.4,6.9
Lou Draftsman,100011,223,90.8,29,13.0,8.9
Max Testa,100012,191,87.9,10,5.2,3.4
Ned Fakeson,100013,224,88.1,16,7.1,4.9
Otis Pilotti,100014,171,87.2,30,17.5,12.0
Pax Placeholder,100015,171,92.3,15,8.8,5.9
Quin Specimen,100016,239,90.4,55,23.0,15.5
Rex Sandbox,100017,171,86.9,11,6.4,4.5
Sal Synth,100018,259,91.6,49,18.9,12.7
Ugo Demo,100020,241,90.3,10,4.1,2.9
Vic Example,100021,276,93.6,20,7.2,5.0
Wes Prototyp,100022,214,89.6,37,17.3,11.7
Xan Sample,100023,269,94.0,26,9.7,6.6
Yuri Dummy,100024,174,89.8,14,8.0,5.5
Zed Imitato,100025,252,92.1,45,17.9,12.1
Abe Fixture,100026,233,91.9,14,6.0,4.1
Ben Proto,100027,205,93.3,27,13.2,8.9
Cy Modelo,100028,189,92.0,20,10.6,7.2
Ezra Stubbs,100030,232,87.9,16,6.9,4.6
Flynn Draftsman,100031,224,86.1,33,14.7,10.1
Gil Testa,100032,284,88.3,24,8.5,5.7
Hal Fakeson,100033,237,89.8,33,13.9,9.5
Ira Pilotti,100034,227,92.2,23,10.1,7.0
Jax Placeholder,100035,238,88.5,44,18.5,12.7
Kip Specimen,100036,214,88.5,21,9.8,6.7
Leo Sandbox,100037,258,93.8,11,4.3,3.0
Mack Synth,100038,214,88.8,25,11.7,7.9
